id,first_name,last_name,email,gender,ip_address
1,Odie,Kobke,okobke0@buzzfeed.com,Male,94.79.38.202
2,Malvin,Catherine,mcatherine1@miitbeian.gov.cn,Polygender,78.148.120.207
3,Michal,McGurk,mmcgurk2@indiatimes.com,Male,110.24.98.43
4,Ulberto,Evetts,uevetts3@moonfruit.com,Male,193.247.41.91
5,Erena,O'Scully,eoscully4@bigcartel.com,Female,191.97.88.142
6,Raine,Skotcher,rskotcher5@woothemes.com,Female,44.176.213.167
7,Marja,Glossup,mglossup6@zdnet.com,Genderfluid,79.156.232.20
8,Bancroft,Andreazzi,bandreazzi7@google.com.au,Male,153.0.57.15
9,Milli,Rulton,mrulton8@mlb.com,Female,64.1.203.165
10,Marquita,Aliberti,maliberti9@is.gd,Non-binary,66.247.5.197
11,Elvina,Playfoot,eplayfoota@fc2.com,Female,116.52.204.74
12,Sharl,Ansteys,sansteysb@marketwatch.com,Female,134.2.227.218
13,Ade,Braben,abrabenc@people.com.cn,Male,12.255.114.180
14,Ced,Pech,cpechd@europa.eu,Male,207.54.183.237
15,Ferrel,Pachmann,fpachmanne@blogtalkradio.com,Male,150.67.243.168
16,Verene,Fludgate,vfludgatef@chicagotribune.com,Female,226.36.227.136
17,Kristopher,Awton,kawtong@1688.com,Male,243.79.110.187
18,Waylan,Skipworth,wskipworthh@tinyurl.com,Male,206.8.61.188
19,Adriano,Masselin,amasselini@usa.gov,Male,163.244.197.22
20,Myrwyn,Hillock,mhillockj@examiner.com,Genderqueer,113.197.35.7
21,Barret,Lutton,bluttonk@accuweather.com,Male,207.5.153.81
22,Ronda,Jedrzejkiewicz,rjedrzejkiewiczl@spiegel.de,Female,213.56.3.35
23,Benjy,Andriolli,bandriollim@lulu.com,Genderfluid,121.215.41.52
24,Glenna,Lidell,glidelln@wunderground.com,Female,126.13.128.244
25,Craggy,Bridgeman,cbridgemano@wikipedia.org,Male,46.113.168.89
26,Adolpho,Greedyer,agreedyerp@patch.com,Male,70.16.135.164
27,Corbie,De Normanville,cdenormanvilleq@yellowbook.com,Male,129.7.22.147
28,Bill,Childs,bchildsr@facebook.com,Bigender,51.56.93.197
29,Myron,Glidden,mgliddens@npr.org,Male,53.124.42.246
30,Rudy,Checketts,rcheckettst@usgs.gov,Male,229.218.24.132
31,Sibilla,Maun,smaunu@google.co.uk,Female,228.71.1.9
32,Terrance,Hann,thannv@networksolutions.com,Male,218.155.185.249
33,Abel,Jaine,ajainew@pbs.org,Male,30.166.7.23
34,Emlen,Ducket,educketx@usa.gov,Male,143.93.159.236
35,Fenelia,Leckenby,fleckenbyy@gravatar.com,Female,60.119.177.203
36,Bernadine,Newbigging,bnewbiggingz@alexa.com,Female,31.53.72.176
37,Gardy,Hellard,ghellard10@mit.edu,Male,247.135.58.56
38,Erda,Medlicott,emedlicott11@seattletimes.com,Female,55.42.65.127
39,Jarid,Stillman,jstillman12@e-recht24.de,Male,187.211.195.172
40,Corry,Venditti,cvenditti13@yale.edu,Female,98.54.95.215
41,Elia,Lynnett,elynnett14@1und1.de,Male,26.229.37.231
42,Ethelred,Tallent,etallent15@ted.com,Male,103.20.242.46
43,Ophelie,Trotman,otrotman16@fda.gov,Female,115.204.167.109
44,Brear,Benley,bbenley17@si.edu,Female,231.188.156.171
45,Filide,Glazer,fglazer18@youtube.com,Female,254.118.52.186
46,Yard,Urrey,yurrey19@histats.com,Male,158.242.230.206
47,Clerkclaude,McPartling,cmcpartling1a@webeden.co.uk,Male,1.166.4.240
48,Kipp,Ferrarotti,kferrarotti1b@friendfeed.com,Female,50.207.149.118
49,Marcela,Cauldfield,mcauldfield1c@godaddy.com,Female,43.241.216.99
50,Esdras,Selvey,eselvey1d@weibo.com,Male,172.45.48.28
51,Jessie,Winterscale,jwinterscale1e@deliciousdays.com,Male,64.91.115.171
52,Lula,Powell,lpowell1f@printfriendly.com,Female,109.244.14.168
53,Haywood,Cromer,hcromer1g@google.co.uk,Male,153.192.223.240
54,Klaus,Carreyette,kcarreyette1h@salon.com,Male,49.85.69.243
55,Cobby,Torbett,ctorbett1i@prnewswire.com,Male,221.44.157.248
56,Beitris,Yatman,byatman1j@elpais.com,Female,175.151.105.166
57,Bail,Revance,brevance1k@mysql.com,Male,173.113.206.127
58,Clemmy,Mepham,cmepham1l@miibeian.gov.cn,Female,116.38.147.69
59,Knox,Braisted,kbraisted1m@china.com.cn,Male,70.131.35.4
60,Bronnie,Spurden,bspurden1n@time.com,Male,144.16.36.41
61,Mehetabel,Swyndley,mswyndley1o@cbslocal.com,Female,167.56.209.240
62,Blinnie,McGonigle,bmcgonigle1p@mit.edu,Female,38.91.134.26
63,Muhammad,Guirau,mguirau1q@hibu.com,Male,9.74.244.57
64,Elnore,Grafton,egrafton1r@hugedomains.com,Female,8.9.27.61
65,Ellsworth,Greenslade,egreenslade1s@wikipedia.org,Male,195.42.48.10
66,Tori,Willmont,twillmont1t@samsung.com,Female,214.91.173.60
67,Keriann,Cullity,kcullity1u@cargocollective.com,Female,114.70.85.123
68,Alwyn,Rubi,arubi1v@bravesites.com,Male,124.133.173.197
69,Verney,Skuse,vskuse1w@gizmodo.com,Male,28.3.94.9
70,Edmund,Fackrell,efackrell1x@google.it,Male,222.76.131.156
71,Tucky,Ferrillo,tferrillo1y@nymag.com,Non-binary,47.21.12.218
72,Alyda,Nutbeem,anutbeem1z@tinypic.com,Female,35.131.132.84
73,Rosabella,Beecham,rbeecham20@cbslocal.com,Female,181.229.70.195
74,Cobb,Seed,cseed21@yolasite.com,Male,65.205.199.116
75,Cecilio,Exter,cexter22@miibeian.gov.cn,Male,93.169.3.186
76,Lonee,Ewles,lewles23@nhs.uk,Female,229.15.84.19
77,Marjorie,Quillinane,mquillinane24@timesonline.co.uk,Genderqueer,163.29.107.152
78,Micky,Hounsome,mhounsome25@pen.io,Male,140.52.211.52
79,Fara,Jeste,fjeste26@phoca.cz,Female,22.93.93.83
80,Nigel,Harkins,nharkins27@parallels.com,Male,81.41.192.173
81,Alfie,Ends,aends28@mapquest.com,Male,122.244.107.77
82,Karney,World,kworld29@typepad.com,Male,190.131.140.29
83,Shae,Romayn,sromayn2a@sciencedaily.com,Male,228.118.50.88
84,Freddy,Shearmer,fshearmer2b@i2i.jp,Female,55.195.150.19
85,Pearce,Diego,pdiego2c@aboutads.info,Male,17.161.29.18
86,Franky,Whiterod,fwhiterod2d@jugem.jp,Non-binary,135.66.15.17
87,Gradey,Gealle,ggealle2e@lycos.com,Male,141.247.150.249
88,Henrietta,Kinnar,hkinnar2f@stumbleupon.com,Female,115.84.44.88
89,Thatch,Gloster,tgloster2g@altervista.org,Male,24.182.198.16
90,Gaven,Catford,gcatford2h@ihg.com,Male,173.241.43.173
91,Torie,Coburn,tcoburn2i@jugem.jp,Female,122.224.27.92
92,Emlynn,Moggan,emoggan2j@yahoo.co.jp,Female,144.56.189.208
93,Robinetta,Towell,rtowell2k@unc.edu,Female,179.59.160.189
94,Butch,Lethabridge,blethabridge2l@princeton.edu,Male,106.231.6.102
95,Henrik,Toseland,htoseland2m@spotify.com,Male,230.51.60.173
96,Norby,Catlow,ncatlow2n@deviantart.com,Male,211.52.51.202
97,Maryann,Dodgshon,mdodgshon2o@utexas.edu,Female,31.137.226.145
98,Verla,Massinger,vmassinger2p@tmall.com,Female,15.34.28.72
99,Ardenia,Braidman,abraidman2q@cloudflare.com,Polygender,36.208.241.64
100,Jami,Wisker,jwisker2r@tripod.com,Polygender,155.130.50.37
101,Matthaeus,Trimby,mtrimby2s@alibaba.com,Polygender,182.65.0.39
102,Pren,Gribben,pgribben2t@yelp.com,Male,109.107.139.156
103,Davon,Fairchild,dfairchild2u@drupal.org,Male,51.49.66.169
104,Upton,Llewelly,ullewelly2v@rediff.com,Male,56.147.192.177
105,Raphaela,Trassler,rtrassler2w@printfriendly.com,Female,150.200.40.82
106,Byram,Haddrell,bhaddrell2x@twitpic.com,Male,244.123.240.179
107,Helenka,Vear,hvear2y@github.io,Female,30.186.42.109
108,Jillane,Goundsy,jgoundsy2z@webnode.com,Female,162.87.47.23
109,Berthe,Byre,bbyre30@weather.com,Female,77.221.45.27
110,Katine,Beagles,kbeagles31@wp.com,Female,25.40.92.112
111,Belvia,Foxon,bfoxon32@seesaa.net,Female,251.248.108.39
112,Bernadina,Birkmyre,bbirkmyre33@dagondesign.com,Female,166.87.248.112
113,Riannon,Kopps,rkopps34@free.fr,Female,167.150.112.25
114,Flore,Diloway,fdiloway35@ted.com,Female,64.112.202.213
115,Nester,Watmough,nwatmough36@youku.com,Male,72.14.173.146
116,Baxie,Rany,brany37@fda.gov,Male,62.241.226.167
117,Mikkel,Proctor,mproctor38@admin.ch,Male,227.235.75.188
118,Jackie,Littlechild,jlittlechild39@chron.com,Female,191.159.197.136
119,Mannie,Cradoc,mcradoc3a@aol.com,Male,97.212.42.13
120,Jori,Batey,jbatey3b@go.com,Female,51.137.182.96
121,Alicia,Challin,achallin3c@fotki.com,Female,244.193.160.254
122,Jolynn,Ciccarello,jciccarello3d@hud.gov,Female,133.200.193.77
123,Karola,Howat,khowat3e@pcworld.com,Bigender,182.24.6.226
124,Bryan,Tallis,btallis3f@free.fr,Genderfluid,193.77.84.155
125,Garvey,Parcall,gparcall3g@yahoo.co.jp,Male,172.236.136.174
126,Thedric,Guerro,tguerro3h@studiopress.com,Male,154.90.82.243
127,Alonzo,Peasby,apeasby3i@miitbeian.gov.cn,Male,67.21.74.31
128,Josy,Thwaite,jthwaite3j@gnu.org,Female,169.7.19.73
129,Conrado,Widmore,cwidmore3k@phpbb.com,Male,71.201.235.21
130,Ginevra,Morfield,gmorfield3l@unc.edu,Genderfluid,153.99.32.225
131,Annadiane,Kunz,akunz3m@wp.com,Female,145.249.87.13
132,Leelah,Clopton,lclopton3n@over-blog.com,Female,62.99.15.143
133,Filide,Semaine,fsemaine3o@nifty.com,Female,102.11.218.187
134,Zabrina,Spinney,zspinney3p@ucoz.ru,Genderqueer,242.105.225.68
135,Rip,Eloi,reloi3q@tuttocitta.it,Male,214.72.4.44
136,Caleb,Couve,ccouve3r@japanpost.jp,Male,255.49.29.113
137,Lottie,Northin,lnorthin3s@army.mil,Female,78.86.21.136
138,Doria,Fenemore,dfenemore3t@gizmodo.com,Female,250.104.209.142
139,Georgianna,Tuxell,gtuxell3u@ebay.co.uk,Female,234.49.177.112
140,Oliviero,Di Boldi,odiboldi3v@dot.gov,Male,162.199.122.140
141,Ferris,Oakey,foakey3w@amazon.co.uk,Male,55.193.185.144
142,Hubert,Schooling,hschooling3x@cnbc.com,Male,237.173.42.138
143,Rice,Marks,rmarks3y@biblegateway.com,Male,181.20.184.122
144,Melantha,Grabban,mgrabban3z@about.com,Female,31.164.121.87
145,Bernete,Kingscote,bkingscote40@digg.com,Female,70.241.60.18
146,Thatch,Rentz,trentz41@jigsy.com,Male,239.73.148.218
147,Saul,Ratnage,sratnage42@businessweek.com,Male,217.104.82.185
148,Vilma,Algar,valgar43@example.com,Female,15.243.186.194
149,Doralynn,MacAree,dmacaree44@huffingtonpost.com,Female,223.182.236.245
150,Baird,Daniels,bdaniels45@ox.ac.uk,Male,243.147.237.233
151,Franchot,Sailes,fsailes46@posterous.com,Male,58.125.106.13
152,Berk,Daenen,bdaenen47@thetimes.co.uk,Male,57.224.48.63
153,Anabel,McGaughey,amcgaughey48@blinklist.com,Female,166.65.43.208
154,Nathanial,Kristufek,nkristufek49@hibu.com,Male,187.152.97.100
155,Sondra,Moller,smoller4a@canalblog.com,Female,231.188.53.222
156,Stephie,Idill,sidill4b@g.co,Female,217.82.117.213
157,Dulce,Otteridge,dotteridge4c@w3.org,Female,255.2.209.121
158,Serena,Liggens,sliggens4d@list-manage.com,Female,131.0.78.178
159,Forrest,Grinsted,fgrinsted4e@vk.com,Non-binary,73.226.102.118
160,Baxter,Watmough,bwatmough4f@51.la,Male,85.166.243.74
161,Pepi,Gook,pgook4g@amazon.com,Female,45.181.253.127
162,Bride,Drury,bdrury4h@cisco.com,Female,129.72.210.42
163,Pierette,Franks,pfranks4i@princeton.edu,Female,87.151.228.209
164,Gerald,Gauvin,ggauvin4j@bloglines.com,Male,22.19.179.231
165,Chrysler,Tomaskov,ctomaskov4k@homestead.com,Female,129.5.2.147
166,Sheryl,Stutard,sstutard4l@seattletimes.com,Female,178.43.101.35
167,Kirstin,Garie,kgarie4m@usnews.com,Female,193.107.73.34
168,Antin,Bobasch,abobasch4n@github.com,Male,3.109.246.104
169,Osborn,Cartmael,ocartmael4o@deliciousdays.com,Male,104.58.150.210
170,Dorette,Snazel,dsnazel4p@sphinn.com,Female,219.114.239.213
171,Gabi,Shieber,gshieber4q@linkedin.com,Male,198.69.54.86
172,Lodovico,Filippone,lfilippone4r@timesonline.co.uk,Male,227.87.185.226
173,Valdemar,Widdup,vwiddup4s@merriam-webster.com,Male,130.137.217.63
174,Harald,Poles,hpoles4t@printfriendly.com,Male,192.171.92.238
175,Teador,Farrens,tfarrens4u@facebook.com,Genderqueer,22.160.254.160
176,Gweneth,Pople,gpople4v@merriam-webster.com,Genderfluid,104.233.212.116
177,Zebulen,Halworth,zhalworth4w@storify.com,Male,49.177.16.148
178,Nady,Richemond,nrichemond4x@indiatimes.com,Female,246.236.77.209
179,Demott,Haughton,dhaughton4y@wikimedia.org,Male,223.227.107.175
180,Rhodia,Oxenden,roxenden4z@linkedin.com,Female,191.207.154.78
181,Berrie,Sergeant,bsergeant50@google.nl,Female,132.158.162.200
182,Luella,Threadgill,lthreadgill51@a8.net,Female,203.113.222.203
183,Lonni,Gronaller,lgronaller52@furl.net,Female,186.99.230.60
184,Iolanthe,Stefanovic,istefanovic53@phpbb.com,Female,14.51.234.184
185,Marsh,Brabant,mbrabant54@youtu.be,Bigender,94.169.186.136
186,Geordie,McDonnell,gmcdonnell55@yale.edu,Male,72.172.25.35
187,Zelig,Daddow,zdaddow56@studiopress.com,Genderfluid,106.65.88.114
188,Kalindi,Belasco,kbelasco57@gravatar.com,Non-binary,243.19.38.219
189,Jaime,Fassman,jfassman58@army.mil,Bigender,225.232.101.109
190,Rivi,Challens,rchallens59@wiley.com,Female,66.31.194.222
191,Carmon,Huncoot,chuncoot5a@weebly.com,Female,163.255.211.19
192,Joey,Landrieu,jlandrieu5b@statcounter.com,Male,140.101.253.151
193,Carolyne,Boome,cboome5c@last.fm,Female,205.148.163.163
194,Nappy,Fossett,nfossett5d@aol.com,Male,244.131.223.81
195,Riva,Vassman,rvassman5e@sphinn.com,Female,14.76.93.149
196,Harriot,Farn,hfarn5f@bigcartel.com,Bigender,5.156.232.170
197,Baxter,Sleford,bsleford5g@posterous.com,Male,4.130.150.35
198,Fernande,Montacute,fmontacute5h@flickr.com,Female,152.196.248.41
199,Tarra,Langwade,tlangwade5i@netscape.com,Female,157.140.33.240
200,Ferguson,Keilloh,fkeilloh5j@chronoengine.com,Male,130.17.177.21
201,Aurie,Ethington,aethington5k@economist.com,Female,212.148.42.134
202,Adelaide,Weighell,aweighell5l@cpanel.net,Female,193.155.137.212
203,Nathan,Dellenty,ndellenty5m@newsvine.com,Male,59.163.87.71
204,Addison,Chadbourn,achadbourn5n@foxnews.com,Male,243.68.93.135
205,Kenn,Burril,kburril5o@businessinsider.com,Male,17.253.143.170
206,Moreen,Champken,mchampken5p@opensource.org,Female,30.62.12.206
207,Wenda,Handling,whandling5q@quantcast.com,Female,144.248.214.179
208,Daryl,Buggs,dbuggs5r@biglobe.ne.jp,Male,147.159.43.89
209,Casper,Ewin,cewin5s@chicagotribune.com,Male,93.213.210.2
210,Gran,Fagge,gfagge5t@go.com,Polygender,97.252.121.10
211,Harmon,Coots,hcoots5u@wikispaces.com,Male,6.227.140.190
212,Sibyl,Tebbutt,stebbutt5v@amazon.co.uk,Male,47.23.2.130
213,Delly,Muscott,dmuscott5w@smh.com.au,Female,0.203.48.223
214,Rosene,Cattrall,rcattrall5x@wired.com,Non-binary,10.15.143.208
215,Darren,Assinder,dassinder5y@360.cn,Male,94.160.194.30
216,Jdavie,Over,jover5z@geocities.com,Male,33.46.189.103
217,Niels,Leigh,nleigh60@sbwire.com,Male,122.227.190.204
218,Chet,O'Hickey,cohickey61@technorati.com,Male,233.129.79.73
219,Carita,MacFadzan,cmacfadzan62@cornell.edu,Female,149.198.161.123
220,Aristotle,Satchell,asatchell63@pagesperso-orange.fr,Male,123.220.120.192
221,Carmelita,Dowdall,cdowdall64@last.fm,Female,241.211.209.169
222,Melesa,Rippin,mrippin65@java.com,Female,174.40.155.154
223,Jarib,Fillis,jfillis66@pcworld.com,Male,40.30.235.9
224,Ferdinand,Gillibrand,fgillibrand67@printfriendly.com,Male,95.232.48.131
225,Tam,Goodwyn,tgoodwyn68@usgs.gov,Male,74.18.184.176
226,Ethelyn,Simester,esimester69@npr.org,Female,225.85.156.173
227,Kerwinn,Mc Comb,kmccomb6a@cornell.edu,Male,67.54.11.47
228,Rianon,Carss,rcarss6b@google.nl,Female,102.111.146.60
229,Caspar,Dechelette,cdechelette6c@ebay.com,Male,219.48.127.92
230,Yvonne,Pershouse,ypershouse6d@bloglines.com,Female,15.160.87.17
231,Joshua,Viel,jviel6e@uol.com.br,Male,7.26.90.136
232,Charlot,Mecozzi,cmecozzi6f@shutterfly.com,Female,245.65.176.204
233,Gavan,Edwick,gedwick6g@abc.net.au,Male,207.226.204.158
234,Brinna,Bezants,bbezants6h@over-blog.com,Female,146.210.87.15
235,Jayson,Burrass,jburrass6i@youtube.com,Male,102.1.121.20
236,Devinne,Cribbins,dcribbins6j@si.edu,Genderfluid,167.26.167.158
237,Prissie,Hof,phof6k@aol.com,Genderqueer,96.38.105.184
238,Fidela,Labuschagne,flabuschagne6l@ebay.com,Female,134.90.154.83
239,Deanna,Paz,dpaz6m@oracle.com,Female,201.203.78.141
240,Bartholomeo,Cordrey,bcordrey6n@bloomberg.com,Male,244.67.240.18
241,Chen,De la Yglesia,cdelayglesia6o@friendfeed.com,Male,104.119.6.163
242,Mathe,Tebboth,mtebboth6p@yahoo.com,Male,122.229.38.173
243,Ashlin,Karpenya,akarpenya6q@ustream.tv,Male,92.89.94.248
244,Mikkel,Ofener,mofener6r@nature.com,Male,12.128.96.174
245,Mira,Feasey,mfeasey6s@youtube.com,Female,112.34.127.42
246,Coop,McLinden,cmclinden6t@ucsd.edu,Male,27.226.104.35
247,Welbie,Sugg,wsugg6u@wsj.com,Male,16.127.211.191
248,Nerissa,Hedditch,nhedditch6v@theatlantic.com,Female,57.117.198.127
249,Zerk,Viger,zviger6w@nydailynews.com,Male,2.155.37.45
250,Kim,Froud,kfroud6x@ucoz.com,Male,25.139.2.101
251,Godwin,Trevna,gtrevna6y@mozilla.org,Male,70.59.214.99
252,Dorelle,Wogdon,dwogdon6z@cbc.ca,Female,71.198.89.70
253,Lorain,Coulter,lcoulter70@uiuc.edu,Female,154.3.38.203
254,Faustine,Lisimore,flisimore71@businessweek.com,Female,98.187.53.96
255,Odo,Frewer,ofrewer72@csmonitor.com,Male,152.71.64.200
256,Filberte,O'Crigane,focrigane73@blogs.com,Male,142.173.114.153
257,Dara,Iles,diles74@bizjournals.com,Female,12.165.69.190
258,Robinet,Campo,rcampo75@php.net,Male,246.161.5.246
259,Corene,Dungey,cdungey76@archive.org,Female,246.102.237.225
260,Jasper,Lewcock,jlewcock77@shop-pro.jp,Male,178.54.146.86
261,Dermot,Vala,dvala78@goodreads.com,Male,98.133.14.131
262,Ellery,Woodward,ewoodward79@google.co.uk,Male,103.224.232.196
263,Sigismundo,Larratt,slarratt7a@exblog.jp,Male,0.40.13.130
264,Brittani,Dewar,bdewar7b@biglobe.ne.jp,Female,5.135.155.199
265,Jordan,Jodkowski,jjodkowski7c@goodreads.com,Male,171.199.25.218
266,Tod,Babin,tbabin7d@so-net.ne.jp,Male,188.23.66.44
267,Bernardina,Corris,bcorris7e@accuweather.com,Female,236.208.5.196
268,Melanie,Harbidge,mharbidge7f@phpbb.com,Female,205.21.169.92
269,Gwennie,Stanners,gstanners7g@symantec.com,Female,142.229.154.28
270,Dorey,Nardrup,dnardrup7h@nymag.com,Male,44.28.151.222
271,Tomasina,Lintall,tlintall7i@rediff.com,Non-binary,119.63.104.222
272,Georgie,Brewett,gbrewett7j@goo.gl,Male,179.162.193.149
273,Gabby,Dovington,gdovington7k@state.tx.us,Male,52.166.98.20
274,Nonna,Lohering,nlohering7l@sciencedirect.com,Female,49.142.34.201
275,Westley,Lobell,wlobell7m@behance.net,Male,239.215.15.236
276,Jayme,Filyushkin,jfilyushkin7n@japanpost.jp,Female,127.161.226.92
277,Rena,Hovenden,rhovenden7o@nhs.uk,Female,1.105.178.141
278,Jerri,Pernell,jpernell7p@omniture.com,Male,246.112.250.106
279,Christiana,Heads,cheads7q@engadget.com,Female,42.6.109.1
280,Haily,Saxon,hsaxon7r@thetimes.co.uk,Male,181.158.55.74
281,Marcela,Doogue,mdoogue7s@hud.gov,Female,19.88.172.164
282,Denis,Hunting,dhunting7t@virginia.edu,Male,175.201.164.120
283,Rafaelia,Heater,rheater7u@digg.com,Female,142.142.157.14
284,Haydon,Vasyunichev,hvasyunichev7v@aboutads.info,Male,236.102.109.214
285,Anne,Ingall,aingall7w@plala.or.jp,Female,130.6.203.89
286,Simmonds,Autie,sautie7x@about.com,Male,38.130.217.25
287,Demetri,Wethey,dwethey7y@eepurl.com,Male,45.172.219.173
288,Boone,Sinderson,bsinderson7z@moonfruit.com,Male,91.164.236.72
289,Graig,Kilgour,gkilgour80@godaddy.com,Male,66.14.187.145
290,Dino,McVitie,dmcvitie81@163.com,Male,200.148.75.10
291,Lela,McMonnies,lmcmonnies82@newsvine.com,Female,60.14.54.2
292,Calypso,Jimeno,cjimeno83@ucoz.ru,Female,9.127.185.50
293,Giorgia,Trewhela,gtrewhela84@e-recht24.de,Female,65.163.197.198
294,Basil,Newcomb,bnewcomb85@merriam-webster.com,Male,172.234.185.59
295,Sampson,Hussy,shussy86@tmall.com,Male,133.12.127.28
296,Ariel,Knatt,aknatt87@dagondesign.com,Male,0.87.114.196
297,Yvor,Sketch,ysketch88@telegraph.co.uk,Male,202.115.134.190
298,Gabie,Milella,gmilella89@nbcnews.com,Female,101.221.94.208
299,Edythe,Kubczak,ekubczak8a@tamu.edu,Female,41.164.221.81
300,Holli,Delieu,hdelieu8b@feedburner.com,Female,112.84.136.91
301,Lindsey,Cayet,lcayet8c@nature.com,Female,116.121.199.80
302,Lucias,Erwin,lerwin8d@zimbio.com,Male,132.134.64.141
303,Wallie,Urien,wurien8e@yandex.ru,Female,211.106.112.217
304,Dare,O'Doogan,dodoogan8f@fc2.com,Male,109.24.89.203
305,Konstanze,Goldson,kgoldson8g@oakley.com,Female,245.235.48.196
306,Timmy,Jeffels,tjeffels8h@tumblr.com,Female,140.35.144.69
307,Matias,Culleford,mculleford8i@addthis.com,Male,176.158.38.252
308,Justino,Russe,jrusse8j@paypal.com,Male,128.13.47.232
309,Iona,Relton,irelton8k@freewebs.com,Non-binary,6.173.4.205
310,Darda,Balston,dbalston8l@shareasale.com,Female,69.32.229.25
311,Will,Kelson,wkelson8m@mashable.com,Male,216.85.127.82
312,El,Philbrook,ephilbrook8n@cpanel.net,Male,152.192.199.137
313,Yorgos,Attenbrow,yattenbrow8o@msn.com,Male,227.131.17.7
314,Ninnetta,Tosdevin,ntosdevin8p@mlb.com,Female,110.94.147.90
315,Adrianne,Himsworth,ahimsworth8q@delicious.com,Female,28.119.85.210
316,Rubie,Shearsby,rshearsby8r@thetimes.co.uk,Female,186.114.105.120
317,Orel,MacPeake,omacpeake8s@bigcartel.com,Female,176.192.91.133
318,Julian,Mudle,jmudle8t@twitpic.com,Male,176.143.106.138
319,Keriann,Bygrave,kbygrave8u@xrea.com,Female,62.128.71.145
320,Reba,Reuss,rreuss8v@shareasale.com,Female,27.169.7.156
321,Perl,De Bellis,pdebellis8w@sun.com,Female,63.138.142.232
322,Artur,Everleigh,aeverleigh8x@furl.net,Male,130.219.5.163
323,Rochella,Younge,ryounge8y@amazon.com,Agender,112.30.229.40
324,Molli,Saffen,msaffen8z@cnet.com,Female,177.186.92.168
325,Darline,Vaggers,dvaggers90@foxnews.com,Female,240.45.123.89
326,Christen,Plumtree,cplumtree91@hibu.com,Female,81.50.103.171
327,Chancey,Lovel,clovel92@independent.co.uk,Male,186.165.64.42
328,Evanne,Cornuau,ecornuau93@uol.com.br,Female,78.86.13.101
329,Garrett,Wilcher,gwilcher94@pen.io,Male,180.65.90.169
330,Quill,Blenkensop,qblenkensop95@delicious.com,Male,231.78.142.163
331,Dedra,Usherwood,dusherwood96@cnet.com,Female,46.251.169.42
332,Bonita,Wong,bwong97@furl.net,Female,119.146.38.37
333,Zared,Coggins,zcoggins98@yale.edu,Male,106.247.168.23
334,Shoshana,Clemerson,sclemerson99@europa.eu,Female,247.114.211.126
335,Cahra,Vsanelli,cvsanelli9a@netvibes.com,Female,173.94.34.123
336,Doreen,Borrowman,dborrowman9b@fc2.com,Female,213.224.10.216
337,Buddie,Ellwell,bellwell9c@mayoclinic.com,Male,9.161.130.32
338,Rafi,Reddihough,rreddihough9d@yelp.com,Male,77.76.27.205
339,Cecilla,Postin,cpostin9e@bravesites.com,Female,207.94.61.226
340,Andris,Peterken,apeterken9f@blogtalkradio.com,Male,23.77.255.173
341,Danie,Alliott,dalliott9g@narod.ru,Male,159.126.28.20
342,Pammi,Brookz,pbrookz9h@webs.com,Female,223.80.229.53
343,Zitella,Robarts,zrobarts9i@rakuten.co.jp,Female,4.10.14.35
344,Verney,Colville,vcolville9j@comsenz.com,Male,17.173.152.50
345,Sydelle,Larrad,slarrad9k@goo.ne.jp,Female,0.236.224.231
346,Helli,St. Queintain,hstqueintain9l@newsvine.com,Bigender,215.130.218.37
347,Fairleigh,Quemby,fquemby9m@uiuc.edu,Male,80.132.56.209
348,Bernetta,Lope,blope9n@amazon.de,Female,32.86.81.199
349,Garner,Rubinovitch,grubinovitch9o@sourceforge.net,Male,5.205.81.105
350,Xenia,Huyge,xhuyge9p@ibm.com,Female,14.98.61.79
351,Herb,Jellard,hjellard9q@bandcamp.com,Male,112.87.32.224
352,Laurens,Sherland,lsherland9r@yellowpages.com,Male,36.98.39.59
353,Merwyn,Revel,mrevel9s@theglobeandmail.com,Male,30.219.10.57
354,Sanders,Ellingford,sellingford9t@reference.com,Male,106.53.235.150
355,Jeff,Eldin,jeldin9u@pbs.org,Male,33.141.211.118
356,Melesa,Champneys,mchampneys9v@geocities.jp,Female,161.131.145.17
357,Jewelle,Peasee,jpeasee9w@chicagotribune.com,Female,131.164.11.36
358,Hallsy,McDuff,hmcduff9x@mail.ru,Male,20.114.223.213
359,Gillian,Murrigans,gmurrigans9y@vimeo.com,Female,18.193.76.68
360,Germayne,Orbine,gorbine9z@indiegogo.com,Male,90.12.67.89
361,Bernete,Bergin,bbergina0@so-net.ne.jp,Female,122.216.53.191
362,Theresa,Sabbatier,tsabbatiera1@livejournal.com,Female,52.105.132.103
363,Shaughn,Iron,sirona2@craigslist.org,Male,216.38.16.163
364,Richy,Hallifax,rhallifaxa3@arizona.edu,Male,220.177.213.50
365,Kelcey,Haye,khayea4@1und1.de,Female,85.93.29.241
366,Michel,Philson,mphilsona5@homestead.com,Female,9.122.24.93
367,Lucas,O' Sullivan,losullivana6@arstechnica.com,Male,137.204.174.125
368,Cyrille,McGucken,cmcguckena7@i2i.jp,Male,208.60.162.148
369,Cyndia,Janks,cjanksa8@nhs.uk,Female,76.151.144.152
370,Martita,Foster,mfostera9@usgs.gov,Female,233.135.48.195
371,Welbie,Mouan,wmouanaa@mlb.com,Male,151.0.227.101
372,Sasha,Havik,shavikab@diigo.com,Bigender,249.159.1.184
373,Derek,Mashro,dmashroac@disqus.com,Male,41.82.11.103
374,Kiri,Sagar,ksagarad@free.fr,Female,22.229.204.145
375,Shelden,Bennellick,sbennellickae@blog.com,Male,65.180.158.87
376,Eilis,Lawlance,elawlanceaf@cnn.com,Genderfluid,148.10.201.23
377,Cecil,Stileman,cstilemanag@wiley.com,Male,180.188.71.61
378,Issi,Orman,iormanah@ameblo.jp,Agender,201.136.83.58
379,Justis,Lille,jlilleai@sphinn.com,Male,169.43.69.244
380,Car,Geeve,cgeeveaj@360.cn,Male,150.185.62.199
381,Adelbert,Birtwisle,abirtwisleak@nyu.edu,Male,59.91.189.76
382,Jerad,Edison,jedisonal@biblegateway.com,Polygender,35.61.108.57
383,Connie,Nortunen,cnortunenam@guardian.co.uk,Non-binary,235.142.207.56
384,Wilfrid,Erdis,werdisan@indiegogo.com,Male,3.147.190.216
385,Sarah,Kernoghan,skernoghanao@thetimes.co.uk,Female,201.245.166.162
386,Zulema,Pembridge,zpembridgeap@desdev.cn,Genderqueer,90.184.101.101
387,Vincenty,Gerb,vgerbaq@topsy.com,Male,164.237.210.150
388,Nicoline,Ridoutt,nridouttar@goodreads.com,Female,86.66.129.71
389,Flinn,Reace,freaceas@booking.com,Male,93.219.18.220
390,Edithe,McGing,emcgingat@1688.com,Female,16.39.241.193
391,Jefferey,Penddreth,jpenddrethau@facebook.com,Genderqueer,120.13.191.221
392,Janel,Knath,jknathav@tinypic.com,Female,43.199.95.20
393,Emmy,Novotne,enovotneaw@google.cn,Female,187.114.10.104
394,Jasen,Minerdo,jminerdoax@utexas.edu,Male,93.58.34.203
395,Adham,Thripp,athrippay@nationalgeographic.com,Male,238.108.25.6
396,Car,Murcutt,cmurcuttaz@chicagotribune.com,Male,71.208.211.9
397,Jo,Undrell,jundrellb0@taobao.com,Female,29.34.51.53
398,Pauly,Tummons,ptummonsb1@barnesandnoble.com,Female,255.2.5.17
399,Dominik,Riddall,driddallb2@geocities.jp,Male,13.60.103.154
400,Damara,Weaben,dweabenb3@discovery.com,Female,162.175.91.165
401,Gleda,Bea,gbeab4@typepad.com,Female,128.209.87.255
402,Fernando,Shilstone,fshilstoneb5@army.mil,Male,224.76.152.2
403,Alberto,Knoller,aknollerb6@utexas.edu,Male,110.60.47.189
404,Clementina,Drains,cdrainsb7@businessweek.com,Female,58.208.94.234
405,Tabb,Jeandot,tjeandotb8@salon.com,Male,98.176.154.59
406,Quinton,Canniffe,qcanniffeb9@independent.co.uk,Male,55.68.136.69
407,Parnell,Peggrem,ppeggremba@booking.com,Male,253.24.22.41
408,Sawyer,Okeshott,sokeshottbb@dmoz.org,Male,91.21.34.107
409,Duff,Simons,dsimonsbc@sciencedaily.com,Male,116.127.221.47
410,Andrew,Harcase,aharcasebd@godaddy.com,Male,116.137.240.242
411,Johannah,Leftley,jleftleybe@blogspot.com,Female,127.104.209.150
412,Bobbee,Mosson,bmossonbf@usnews.com,Female,79.80.169.177
413,Stirling,MacQuaker,smacquakerbg@tripod.com,Male,199.117.213.190
414,Jill,Cracknell,jcracknellbh@odnoklassniki.ru,Female,145.110.39.252
415,Angel,Wheelwright,awheelwrightbi@cornell.edu,Male,2.4.246.221
416,Demetre,Normanvill,dnormanvillbj@geocities.jp,Male,201.8.103.5
417,Gregorius,Bulger,gbulgerbk@jugem.jp,Male,93.122.122.108
418,Kore,Cuddehay,kcuddehaybl@telegraph.co.uk,Female,146.48.140.175
419,Felicle,Skivington,fskivingtonbm@home.pl,Female,118.121.165.230
420,Della,Palfreman,dpalfremanbn@mayoclinic.com,Female,108.218.187.51
421,Kaleb,Ranshaw,kranshawbo@merriam-webster.com,Male,64.171.155.173
422,Monro,Pollitt,mpollittbp@naver.com,Male,42.162.200.236
423,Marielle,Snepp,msneppbq@sakura.ne.jp,Female,101.144.21.44
424,Saraann,Fesby,sfesbybr@state.gov,Agender,66.146.144.69
425,Redd,Crinion,rcrinionbs@howstuffworks.com,Male,98.234.176.182
426,Thayne,Wysome,twysomebt@youtube.com,Male,74.56.9.194
427,Bucky,Jukes,bjukesbu@csmonitor.com,Male,159.100.211.38
428,Georgette,Chance,gchancebv@ning.com,Female,92.226.78.216
429,Mahala,Theodoris,mtheodorisbw@microsoft.com,Female,122.156.219.64
430,Bernette,Lamblin,blamblinbx@tripod.com,Female,126.84.210.37
431,Marvin,Catterson,mcattersonby@google.nl,Male,81.224.237.42
432,Padget,Trebilcock,ptrebilcockbz@tumblr.com,Male,96.93.55.241
433,Nicole,Testin,ntestinc0@foxnews.com,Bigender,36.218.21.236
434,Harland,Fewtrell,hfewtrellc1@microsoft.com,Agender,1.141.151.146
435,Lynda,Dowse,ldowsec2@springer.com,Female,75.141.124.212
436,Debee,Karpman,dkarpmanc3@comsenz.com,Female,66.222.12.236
437,Manya,Larchier,mlarchierc4@webeden.co.uk,Female,221.59.18.169
438,Phyllida,Blaw,pblawc5@icio.us,Genderfluid,48.69.237.211
439,Francine,Plimmer,fplimmerc6@ehow.com,Genderfluid,147.132.31.169
440,Ogdan,Agar,oagarc7@abc.net.au,Male,0.10.2.25
441,Tersina,Showalter,tshowalterc8@squidoo.com,Genderfluid,254.86.230.76
442,Bronnie,Fourcade,bfourcadec9@google.es,Male,14.79.83.152
443,Jillane,Serrell,jserrellca@google.com,Female,140.107.239.185
444,Lind,Arpe,larpecb@usgs.gov,Female,35.149.97.25
445,Dina,McCourtie,dmccourtiecc@unesco.org,Female,215.47.26.16
446,Marin,Annice,mannicecd@java.com,Female,125.167.33.82
447,Tomasine,Heady,theadyce@engadget.com,Female,213.106.187.147
448,Corbet,Evison,cevisoncf@reference.com,Male,84.32.146.185
449,Teddi,Tesseyman,ttesseymancg@posterous.com,Female,252.245.7.151
450,Carolan,Hanshawe,chanshawech@wordpress.com,Female,101.218.150.22
451,Emlen,Humerstone,ehumerstoneci@g.co,Male,224.45.71.38
452,Silvana,Kubacki,skubackicj@sciencedaily.com,Female,178.38.31.55
453,Sibeal,Shewery,ssheweryck@ow.ly,Female,217.89.75.11
454,Marilyn,Bugs,mbugscl@businessinsider.com,Female,253.178.203.132
455,Merline,Lampke,mlampkecm@pinterest.com,Female,140.26.14.242
456,Ezmeralda,Tackett,etackettcn@economist.com,Bigender,44.11.98.239
457,Mireille,Pinard,mpinardco@printfriendly.com,Female,209.95.120.179
458,Clevie,Emps,cempscp@blogtalkradio.com,Male,142.214.171.95
459,Norma,O'Dreain,nodreaincq@reference.com,Female,116.78.123.119
460,Ryun,Fetter,rfettercr@uiuc.edu,Male,55.125.76.146
461,Portia,Branno,pbrannocs@livejournal.com,Female,80.30.213.101
462,Glenn,Pettit,gpettitct@mit.edu,Male,162.219.64.113
463,Marybeth,Dungate,mdungatecu@comsenz.com,Female,11.128.116.216
464,Normie,Culy,nculycv@instagram.com,Male,146.124.41.139
465,Cassie,Skeemer,cskeemercw@yale.edu,Female,141.179.143.100
466,Simona,Sinncock,ssinncockcx@friendfeed.com,Female,163.61.194.60
467,Alexandr,Owttrim,aowttrimcy@yahoo.co.jp,Male,88.21.243.7
468,Kayne,Sculley,ksculleycz@yellowbook.com,Male,32.21.231.201
469,Lemar,Holdron,lholdrond0@over-blog.com,Male,29.127.241.98
470,Alyse,Courtese,acourtesed1@mediafire.com,Female,208.147.48.229
471,Nina,Broadbury,nbroadburyd2@hc360.com,Female,247.151.253.176
472,Linette,Combe,lcombed3@webmd.com,Female,20.246.3.168
473,Ruperto,Gatland,rgatlandd4@lulu.com,Male,238.242.4.131
474,Esteban,Mourbey,emourbeyd5@dropbox.com,Male,44.10.96.15
475,Jude,Matous,jmatousd6@photobucket.com,Male,120.247.107.162
476,Mortimer,Kobierzycki,mkobierzyckid7@netlog.com,Male,131.118.18.3
477,Hanny,Sarra,hsarrad8@lycos.com,Female,162.216.107.162
478,Lothaire,Merrywether,lmerrywetherd9@taobao.com,Male,66.69.24.125
479,Lida,Barraclough,lbarracloughda@amazon.de,Bigender,65.152.128.57
480,Xerxes,Arboin,xarboindb@house.gov,Male,165.42.145.251
481,Ab,Hearnes,ahearnesdc@google.com.au,Male,25.0.78.153
482,Jock,Perin,jperindd@rediff.com,Male,166.196.174.28
483,Ebeneser,Claybourn,eclaybournde@homestead.com,Male,73.3.9.174
484,Munmro,Lescop,mlescopdf@unc.edu,Male,95.90.180.199
485,Martie,Simpole,msimpoledg@angelfire.com,Male,80.117.55.23
486,Gaynor,Aimson,gaimsondh@furl.net,Female,62.247.192.134
487,Eddie,Dysert,edysertdi@ted.com,Male,10.35.100.32
488,Randie,Le Cornu,rlecornudj@ocn.ne.jp,Female,255.237.33.220
489,Evonne,Brittlebank,ebrittlebankdk@answers.com,Female,155.251.50.188
490,Joli,Sives,jsivesdl@cnet.com,Female,204.240.143.51
491,Mariel,Ongin,mongindm@pagesperso-orange.fr,Female,120.0.131.209
492,Stanford,Dutson,sdutsondn@sun.com,Male,164.112.77.188
493,Colin,Feria,cferiado@sogou.com,Male,71.217.76.71
494,Aguistin,Hazlegrove,ahazlegrovedp@wunderground.com,Male,129.147.96.27
495,Patricio,Madeley,pmadeleydq@chron.com,Male,88.162.205.76
496,Yanaton,Tutton,ytuttondr@toplist.cz,Genderqueer,235.60.252.36
497,Jonell,Dougan,jdougands@twitter.com,Female,194.206.248.153
498,Fey,Casero,fcaserodt@wordpress.com,Female,160.116.147.62
499,Murdock,Brixey,mbrixeydu@timesonline.co.uk,Male,25.160.56.192
500,Giacobo,Cowitz,gcowitzdv@foxnews.com,Male,0.248.180.55
